run,group,negotiated_group,condition,tcp_connect_ms,tls_handshake_ms,total_ms,status
1,X25519,x25519,baseline,0.047,1.045,1.105,ok
2,X25519,x25519,baseline,0.077,1.129,1.227,ok
3,X25519,x25519,baseline,0.432,1.037,1.480,ok
4,X25519,x25519,baseline,0.302,1.070,1.382,ok
5,X25519,x25519,baseline,0.085,1.153,1.248,ok
6,X25519,x25519,baseline,0.057,1.112,1.181,ok
7,X25519,x25519,baseline,0.094,1.500,1.605,ok
8,X25519,x25519,baseline,0.087,1.312,1.414,ok
9,X25519,x25519,baseline,0.053,1.104,1.184,ok
10,X25519,x25519,baseline,0.351,1.054,1.416,ok
11,X25519,x25519,baseline,0.088,1.160,1.256,ok
12,X25519,x25519,baseline,0.072,1.118,1.200,ok
13,X25519,x25519,baseline,0.039,1.091,1.139,ok
14,X25519,x25519,baseline,0.039,1.084,1.131,ok
15,X25519,x25519,baseline,0.045,1.016,1.069,ok
16,X25519,x25519,baseline,0.074,0.998,1.081,ok
17,X25519,x25519,baseline,0.026,1.219,1.252,ok
18,X25519,x25519,baseline,0.065,2.039,2.118,ok
19,X25519,x25519,baseline,0.077,1.142,1.292,ok
20,X25519,x25519,baseline,0.042,1.024,1.075,ok
21,X25519,x25519,baseline,0.035,1.000,1.043,ok
22,X25519,x25519,baseline,0.041,1.032,1.086,ok
23,X25519,x25519,baseline,0.041,1.047,1.099,ok
24,X25519,x25519,baseline,0.040,1.022,1.071,ok
25,X25519,x25519,baseline,0.040,1.013,1.062,ok
26,X25519,x25519,baseline,0.043,1.165,1.220,ok
27,X25519,x25519,baseline,0.041,1.068,1.120,ok
28,X25519,x25519,baseline,0.058,1.134,1.206,ok
29,X25519,x25519,baseline,0.041,1.291,1.342,ok
30,X25519,x25519,baseline,0.063,1.326,1.402,ok
31,X25519,x25519,baseline,0.049,1.071,1.131,ok
32,X25519,x25519,baseline,0.039,1.049,1.100,ok
33,X25519,x25519,baseline,0.038,1.013,1.059,ok
34,X25519,x25519,baseline,0.039,1.070,1.119,ok
35,X25519,x25519,baseline,0.038,1.053,1.101,ok
36,X25519,x25519,baseline,0.040,1.053,1.105,ok
37,X25519,x25519,baseline,0.071,1.055,1.138,ok
38,X25519,x25519,baseline,0.040,1.019,1.066,ok
39,X25519,x25519,baseline,0.038,1.057,1.104,ok
40,X25519,x25519,baseline,0.038,0.990,1.036,ok
41,X25519,x25519,baseline,0.075,1.067,1.151,ok
42,X25519,x25519,baseline,0.067,1.207,1.287,ok
43,X25519,x25519,baseline,0.057,1.087,1.157,ok
44,X25519,x25519,baseline,0.049,1.038,1.099,ok
45,X25519,x25519,baseline,0.030,1.027,1.069,ok
46,X25519,x25519,baseline,0.036,0.992,1.036,ok
47,X25519,x25519,baseline,0.042,1.030,1.082,ok
48,X25519,x25519,baseline,0.039,1.013,1.061,ok
49,X25519,x25519,baseline,0.037,1.035,1.080,ok
50,X25519,x25519,baseline,0.038,1.263,1.309,ok
51,X25519,x25519,baseline,0.043,1.035,1.087,ok
52,X25519,x25519,baseline,0.039,1.041,1.091,ok
53,X25519,x25519,baseline,0.039,1.104,1.151,ok
54,X25519,x25519,baseline,0.129,1.265,1.408,ok
55,X25519,x25519,baseline,0.054,1.082,1.148,ok
56,X25519,x25519,baseline,0.040,1.177,1.225,ok
57,X25519,x25519,baseline,0.041,1.005,1.064,ok
58,X25519,x25519,baseline,0.038,1.107,1.156,ok
59,X25519,x25519,baseline,0.040,1.083,1.132,ok
60,X25519,x25519,baseline,0.051,1.002,1.065,ok
61,X25519,x25519,baseline,0.045,1.052,1.109,ok
62,X25519,x25519,baseline,0.039,1.002,1.049,ok
63,X25519,x25519,baseline,0.037,0.997,1.042,ok
64,X25519,x25519,baseline,0.077,1.019,1.105,ok
65,X25519,x25519,baseline,0.037,1.275,1.319,ok
66,X25519,x25519,baseline,0.069,1.185,1.266,ok
67,X25519,x25519,baseline,0.068,1.218,1.297,ok
68,X25519,x25519,baseline,0.096,1.092,1.199,ok
69,X25519,x25519,baseline,0.047,1.120,1.178,ok
70,X25519,x25519,baseline,0.046,1.193,1.251,ok
71,X25519,x25519,baseline,0.046,1.150,1.208,ok
72,X25519,x25519,baseline,0.046,1.103,1.161,ok
73,X25519,x25519,baseline,0.048,1.172,1.231,ok
74,X25519,x25519,baseline,0.070,1.142,1.222,ok
75,X25519,x25519,baseline,0.047,1.142,1.200,ok
76,X25519,x25519,baseline,0.044,1.222,1.277,ok
77,X25519,x25519,baseline,0.065,1.289,1.393,ok
78,X25519,x25519,baseline,0.092,1.439,1.553,ok
79,X25519,x25519,baseline,0.075,1.315,1.405,ok
80,X25519,x25519,baseline,0.081,1.613,1.710,ok
81,X25519,x25519,baseline,0.076,1.294,1.382,ok
82,X25519,x25519,baseline,0.054,1.412,1.476,ok
83,X25519,x25519,baseline,0.062,1.089,1.164,ok
84,X25519,x25519,baseline,0.052,1.055,1.117,ok
85,X25519,x25519,baseline,0.038,1.119,1.170,ok
86,X25519,x25519,baseline,0.045,1.133,1.191,ok
87,X25519,x25519,baseline,0.123,1.236,1.389,ok
88,X25519,x25519,baseline,0.046,1.029,1.084,ok
89,X25519,x25519,baseline,0.037,1.028,1.074,ok
90,X25519,x25519,baseline,0.038,1.004,1.050,ok
91,X25519,x25519,baseline,0.082,1.062,1.156,ok
92,X25519,x25519,baseline,0.042,1.035,1.089,ok
93,X25519,x25519,baseline,0.036,1.025,1.069,ok
94,X25519,x25519,baseline,0.070,0.998,1.077,ok
95,X25519,x25519,baseline,0.038,0.993,1.039,ok
96,X25519,x25519,baseline,0.035,1.024,1.067,ok
97,X25519,x25519,baseline,0.036,1.156,1.200,ok
98,X25519,x25519,baseline,0.063,1.295,1.371,ok
99,X25519,x25519,baseline,0.058,1.088,1.161,ok
100,X25519,x25519,baseline,0.040,1.011,1.059,ok
